year,Albania,Algeria,Andorra,Angola,Argentina,Armenia,Australia,Austria,Azerbaijan,Bahamas,Bahrain,Bangladesh,Barbados,Belarus,Belgium,Benin,Bosnia and Herzegovina,Botswana,Brazil,Bulgaria,Burkina Faso,Burundi,Cameroon,Canada,Cape Verde,Central African Republic,Chile,Colombia,Congo Rep.,Costa Rica,Croatia,Cuba,Cyprus,Czech Republic,North Korea,Congo Dem. Rep.,Denmark,Djibouti,Dominican Republic,Ecuador,Egypt,El Salvador,Eritrea,Estonia,Ethiopia,Federated States of Micronesia,Fiji,Finland,France,Gabon,Georgia,Germany,Ghana,Great Britain,Greece,Grenada,Guatemala,Guinea-Bissau,Guyana,Haiti,Honduras,Hong Kong China,Hungary,Iceland,India,Indonesia,Iraq,Ireland,Iran,Israel,Italy,Ivory Coast,Jamaica,Japan,Jordan,Kazakhstan,Kenya,Kiribati,Kuwait,Kyrgyzstan,Latvia,Lebanon,Liberia,Lithuania,Luxembourg,Madagascar,Malaysia,Mali,Malta,Mauritius,Mexico,Monaco,Mongolia,Montenegro,Morocco,Mozambique,Myanmar,Namibia,Nauru,Netherlands,New Zealand,Nicaragua,Nigeria,North Macedonia,Norway,Oman,Pakistan,Panama,Papua New Guinea,Paraguay,China,Peru,Philippines,Poland,Portugal,Qatar,South Korea,Moldova,Romania,Russia,Rwanda,St. Kitts and Nevis,St. Lucia,Samoa,San Marino,Saudi Arabia,Senegal,Serbia,Seychelles,Sierra Leone,Singapore,Slovakia,Slovenia,Solomon Islands,Somalia,South Africa,Spain,Sri Lanka,Sudan,Suriname,Eswatini,Sweden,Switzerland,Syria,Tajikistan,Thailand,Togo,Tonga,Trinidad and Tobago,Tunisia,Turkey,Turkmenistan,Uganda,Ukraine,UAE,Tanzania,USA,Uruguay,Uzbekistan,Venezuela,Vietnam,Zambia,Zimbabwe
1992,1.0,14.0,0.0,1.0,12.0,0.0,78.0,22.0,0.0,2.0,0.0,0.0,1.0,0.0,24.0,0.0,1.0,0.0,21.0,53.0,0.0,0.0,0.0,77.0,0.0,0.0,1.0,5.0,0.0,1.0,11.0,71.0,0.0,0.0,23.0,1.0,26.0,0.0,3.0,0.0,0.0,0.0,0.0,11.0,5.0,0.0,1.0,29.0,102.0,0.0,0.0,193.0,2.0,94.0,16.0,0.0,1.0,0.0,1.0,0.0,0.0,6.0,82.0,2.0,7.0,15.0,3.0,8.0,13.0,7.0,78.0,1.0,10.0,69.0,0.0,0.0,19.0,0.0,0.0,0.0,7.0,1.0,0.0,11.0,0.0,1.0,4.0,0.0,0.0,0.0,14.0,0.0,14.0,0.0,9.0,2.0,0.0,2.0,0.0,53.0,32.0,1.0,15.0,0.0,21.0,0.0,2.0,0.0,2.0,1.0,100.0,1.0,5.0,79.0,5.0,3.0,64.0,0.0,60.0,0.0,0.0,0.0,0.0,2.0,0.0,0.0,0.0,0.0,2.0,0.0,0.0,0.0,10.0,0.0,0.0,8.0,76.0,0.0,0.0,1.0,0.0,52.0,20.0,0.0,0.0,11.0,0.0,0.0,3.0,2.0,15.0,0.0,0.0,0.0,0.0,5.0,226.0,0.0,0.0,5.0,0.0,3.0,0.0
1996,0.0,11.0,0.0,1.0,18.0,17.0,105.0,17.0,8.0,6.0,0.0,0.0,2.0,54.0,19.0,0.0,0.0,0.0,33.0,40.0,0.0,2.0,2.0,71.0,0.0,0.0,0.0,3.0,0.0,2.0,13.0,62.0,2.0,32.0,9.0,0.0,34.0,0.0,2.0,2.0,4.0,1.0,0.0,10.0,6.0,0.0,0.0,17.0,98.0,1.0,16.0,196.0,2.0,67.0,27.0,0.0,2.0,0.0,0.0,0.0,0.0,5.0,66.0,0.0,3.0,17.0,0.0,11.0,8.0,5.0,91.0,1.0,15.0,72.0,0.0,26.0,20.0,0.0,1.0,5.0,10.0,0.0,0.0,14.0,0.0,1.0,4.0,0.0,0.0,2.0,13.0,0.0,7.0,0.0,10.0,1.0,0.0,3.0,0.0,50.0,23.0,0.0,13.0,0.0,26.0,0.0,3.0,0.0,0.0,0.0,113.0,0.0,2.0,65.0,11.0,2.0,72.0,12.0,41.0,146.0,1.0,0.0,0.0,0.0,0.0,0.0,1.0,0.0,2.0,2.0,1.0,16.0,11.0,0.0,1.0,20.0,52.0,0.0,0.0,0.0,0.0,51.0,18.0,3.0,2.0,7.0,0.0,1.0,3.0,6.0,18.0,0.0,2.0,65.0,0.0,0.0,220.0,1.0,16.0,6.0,0.0,4.0,1.0
2000,1.0,11.0,0.0,1.0,20.0,7.0,144.0,23.0,18.0,9.0,0.0,0.0,2.0,52.0,19.0,0.0,1.0,1.0,29.0,24.0,1.0,1.0,2.0,73.0,0.0,0.0,2.0,7.0,0.0,2.0,12.0,69.0,2.0,30.0,13.0,0.0,29.0,0.0,2.0,2.0,8.0,0.0,0.0,9.0,16.0,0.0,2.0,11.0,114.0,0.0,13.0,175.0,3.0,90.0,28.0,0.0,1.0,0.0,0.0,1.0,1.0,2.0,52.0,3.0,10.0,14.0,0.0,4.0,14.0,10.0,94.0,0.0,16.0,69.0,0.0,35.0,17.0,0.0,3.0,9.0,10.0,0.0,0.0,12.0,2.0,0.0,4.0,0.0,0.0,2.0,20.0,0.0,4.0,0.0,12.0,1.0,3.0,0.0,1.0,56.0,21.0,0.0,15.0,0.0,21.0,0.0,2.0,0.0,1.0,1.0,102.0,0.0,2.0,71.0,9.0,4.0,64.0,9.0,61.0,170.0,0.0,1.0,0.0,1.0,1.0,1.0,0.0,0.0,0.0,0.0,3.0,22.0,10.0,0.0,0.0,35.0,59.0,1.0,0.0,0.0,1.0,49.0,23.0,0.0,0.0,15.0,0.0,0.0,2.0,6.0,20.0,2.0,0.0,78.0,1.0,0.0,204.0,2.0,18.0,9.0,0.0,1.0,1.0
2004,0.0,11.0,0.0,1.0,17.0,9.0,128.0,18.0,19.0,7.0,0.0,0.0,2.0,54.0,9.0,0.0,0.0,2.0,29.0,33.0,0.0,0.0,5.0,57.0,0.0,0.0,3.0,16.0,0.0,3.0,17.0,51.0,1.0,34.0,15.0,0.0,29.0,0.0,5.0,2.0,8.0,0.0,2.0,7.0,15.0,1.0,0.0,10.0,103.0,0.0,14.0,145.0,3.0,96.0,67.0,1.0,1.0,0.0,0.0,0.0,0.0,10.0,57.0,2.0,14.0,12.0,3.0,4.0,13.0,6.0,88.0,0.0,17.0,83.0,0.0,27.0,15.0,0.0,3.0,1.0,9.0,0.0,0.0,14.0,1.0,0.0,6.0,1.0,1.0,2.0,12.0,0.0,5.0,0.0,11.0,1.0,0.0,3.0,1.0,49.0,28.0,0.0,10.0,0.0,14.0,0.0,4.0,1.0,1.0,1.0,136.0,2.0,2.0,57.0,12.0,3.0,77.0,4.0,41.0,180.0,0.0,1.0,0.0,0.0,2.0,0.0,0.0,0.0,0.0,0.0,5.0,17.0,17.0,0.0,0.0,14.0,64.0,0.0,2.0,0.0,0.0,30.0,17.0,1.0,4.0,15.0,0.0,1.0,4.0,4.0,22.0,3.0,3.0,82.0,2.0,1.0,196.0,2.0,16.0,9.0,1.0,1.0,4.0
2008,2.0,11.0,0.0,0.0,12.0,11.0,123.0,26.0,15.0,6.0,3.0,0.0,2.0,45.0,14.0,0.0,1.0,3.0,36.0,17.0,0.0,0.0,3.0,69.0,0.0,0.0,2.0,21.0,0.0,0.0,18.0,56.0,3.0,31.0,15.0,0.0,23.0,0.0,7.0,5.0,13.0,2.0,3.0,6.0,15.0,0.0,0.0,13.0,110.0,0.0,14.0,122.0,2.0,116.0,20.0,0.0,0.0,0.0,0.0,0.0,0.0,9.0,45.0,1.0,12.0,11.0,0.0,10.0,15.0,4.0,87.0,1.0,25.0,85.0,0.0,35.0,28.0,0.0,2.0,6.0,6.0,1.0,0.0,14.0,2.0,0.0,13.0,0.0,1.0,2.0,16.0,0.0,14.0,3.0,9.0,1.0,0.0,1.0,1.0,47.0,31.0,1.0,11.0,0.0,17.0,0.0,1.0,1.0,2.0,0.0,163.0,1.0,1.0,75.0,11.0,5.0,61.0,5.0,32.0,149.0,0.0,1.0,0.0,1.0,0.0,1.0,1.0,13.0,1.0,0.0,8.0,14.0,12.0,0.0,0.0,20.0,58.0,0.0,1.0,0.0,0.0,32.0,16.0,0.0,4.0,18.0,1.0,0.0,4.0,6.0,11.0,1.0,3.0,62.0,1.0,1.0,200.0,0.0,16.0,12.0,2.0,0.0,6.0
2012,3.0,6.0,1.0,2.0,16.0,7.0,107.0,16.0,27.0,6.0,4.0,0.0,1.0,44.0,20.0,0.0,0.0,2.0,48.0,14.0,1.0,1.0,4.0,59.0,1.0,0.0,3.0,15.0,0.0,0.0,17.0,45.0,2.0,36.0,18.0,1.0,40.0,0.0,7.0,11.0,22.0,0.0,2.0,5.0,18.0,1.0,1.0,14.0,104.0,1.0,15.0,136.0,1.0,142.0,13.0,1.0,4.0,1.0,0.0,0.0,2.0,10.0,50.0,2.0,24.0,11.0,1.0,14.0,20.0,9.0,82.0,2.0,22.0,92.0,1.0,32.0,24.0,1.0,2.0,1.0,8.0,0.0,0.0,22.0,1.0,0.0,11.0,0.0,1.0,2.0,20.0,1.0,16.0,3.0,7.0,0.0,1.0,1.0,0.0,49.0,41.0,2.0,7.0,0.0,13.0,0.0,1.0,0.0,0.0,0.0,144.0,1.0,1.0,57.0,14.0,4.0,72.0,5.0,22.0,140.0,0.0,0.0,0.0,1.0,1.0,2.0,3.0,26.0,0.0,0.0,8.0,12.0,18.0,1.0,0.0,25.0,50.0,1.0,1.0,0.0,0.0,39.0,8.0,2.0,4.0,11.0,1.0,0.0,10.0,19.0,19.0,1.0,2.0,59.0,1.0,0.0,213.0,2.0,19.0,14.0,5.0,0.0,3.0
2016,2.0,13.0,0.0,2.0,19.0,13.0,122.0,15.0,30.0,5.0,7.0,0.0,0.0,34.0,20.0,1.0,1.0,2.0,85.0,18.0,0.0,1.0,2.0,75.0,1.0,1.0,3.0,26.0,1.0,0.0,20.0,39.0,4.0,30.0,18.0,0.0,34.0,1.0,4.0,7.0,20.0,2.0,4.0,11.0,15.0,1.0,0.0,8.0,114.0,2.0,19.0,122.0,0.0,134.0,13.0,3.0,3.0,1.0,1.0,0.0,1.0,12.0,50.0,2.0,19.0,12.0,1.0,17.0,18.0,7.0,88.0,4.0,21.0,83.0,1.0,40.0,25.0,0.0,0.0,6.0,6.0,0.0,0.0,16.0,1.0,0.0,10.0,0.0,0.0,3.0,28.0,0.0,18.0,1.0,9.0,0.0,2.0,2.0,1.0,58.0,41.0,1.0,7.0,0.0,10.0,0.0,0.0,2.0,1.0,0.0,142.0,0.0,2.0,58.0,17.0,4.0,61.0,5.0,20.0,109.0,0.0,0.0,1.0,1.0,0.0,0.0,2.0,18.0,0.0,0.0,5.0,15.0,14.0,0.0,0.0,21.0,56.0,1.0,0.0,0.0,0.0,30.0,19.0,1.0,2.0,19.0,0.0,0.0,7.0,9.0,22.0,0.0,3.0,48.0,3.0,1.0,210.0,1.0,25.0,13.0,5.0,1.0,1.0
2020,2.0,9.0,0.0,1.0,17.0,9.0,115.0,22.0,16.0,4.0,5.0,1.0,0.0,33.0,33.0,0.0,2.0,3.0,55.0,19.0,1.0,2.0,3.0,90.0,2.0,0.0,4.0,16.0,0.0,1.0,21.0,34.0,3.0,25.0,0.0,2.0,32.0,1.0,12.0,10.0,27.0,0.0,1.0,6.0,15.0,0.0,0.0,11.0,107.0,0.0,21.0,130.0,3.0,144.0,19.0,2.0,2.0,0.0,0.0,1.0,0.0,14.0,56.0,0.0,25.0,14.0,0.0,16.0,18.0,24.0,118.0,0.0,25.0,126.0,2.0,25.0,22.0,0.0,3.0,8.0,4.0,1.0,1.0,12.0,0.0,0.0,9.0,0.0,0.0,2.0,21.0,1.0,20.0,3.0,4.0,2.0,0.0,3.0,1.0,89.0,43.0,0.0,5.0,1.0,17.0,1.0,4.0,2.0,2.0,0.0,168.0,2.0,7.0,55.0,22.0,3.0,73.0,9.0,23.0,0.0,0.0,0.0,0.0,1.0,3.0,1.0,1.0,19.0,0.0,0.0,4.0,13.0,16.0,0.0,1.0,10.0,72.0,0.0,0.0,1.0,0.0,38.0,28.0,1.0,4.0,11.0,0.0,1.0,5.0,9.0,33.0,4.0,7.0,61.0,0.0,1.0,236.0,1.0,29.0,7.0,2.0,4.0,0.0
